dbname,Family,code,in_english,name_language,name
abwiki,wikipedia,ab,Abkhazian,&mdash;,Авикипедиа
acewiki,wikipedia,ace,Achinese,mdash,Wikipedia
adywiki,wikipedia,ady,Adyghe,mdash,Википедие
afwiki,wikipedia,af,Afrikaans,mdash,Wikipedia
afwikibooks,wikibooks,af,Afrikaans,mdash,Wikibooks
afwikiquote,wikiquote,af,Afrikaans,mdash,Wikiquote
afwiktionary,wiktionary,af,Afrikaans,mdash,Wiktionary
akwiki,wikipedia,ak,Akan,mdash,Wikipedia
alswiki,wikipedia,gsw,Swiss German,mdash,Wikipedia
amwiki,wikipedia,am,Amharic,mdash,ውክፔዲያ
amwikimedia,wikimedia,hy,Armenian,mdash,Վիքիմեդիա Հայաստան
amwiktionary,wiktionary,am,Amharic,mdash,Wiktionary
angwiki,wikipedia,ang,English, Old (ca.450-1100),mdash,Wikipǣdia
angwiktionary,wiktionary,ang,English, Old (ca.450-1100),mdash,Wikiwordbōc
anwiki,wikipedia,an,Aragonese,mdash,Wikipedia
anwiktionary,wiktionary,an,Aragonese,mdash,Wiktionary
arcwiki,wikipedia,arc,Official Aramaic (700-300 BCE),mdash,ܘܝܩܝܦܕܝܐ
arwiki,wikipedia,ar,Arabic,العربية,ويكيبيديا
arwikibooks,wikibooks,ar,Arabic,العربية,ويكي_الكتب
arwikimedia,wikimedia,es,Spanish,español,Wikimedia Argentina
arwikinews,wikinews,ar,Arabic,العربية,ويكي_الأخبار
arwikiquote,wikiquote,ar,Arabic,العربية,ويكي_الاقتباس
arwikisource,wikisource,ar,Arabic,العربية,ويكي_مصدر
arwikiversity,wikiversity,ar,Arabic,العربية,ويكي الجامعة
arwiktionary,wiktionary,ar,Arabic,العربية,ويكاموس
arzwiki,wikipedia,arz,mdash,mdash,ويكيبيديا
astwiki,wikipedia,ast,Asturian,mdash,Wikipedia
astwiktionary,wiktionary,ast,Asturian,mdash,Wikcionariu
aswiki,wikipedia,as,Assamese,mdash,অসমীয়া ৱিকিপিডিয়া
aswikisource,wikisource,as,Assamese,mdash,ৱিকিউৎস
atjwiki,wikipedia,atj,mdash,mdash,Wikipetcia
avwiki,wikipedia,av,Avaric,mdash,Wikipedia
aywiki,wikipedia,ay,Aymara,mdash,Wikipedia
aywiktionary,wiktionary,ay,Aymara,mdash,Wiktionary
azbwiki,wikipedia,azb,mdash,mdash,ویکی‌پدیا
azwiki,wikipedia,az,Azerbaijani,mdash,Vikipediya
azwikibooks,wikibooks,az,Azerbaijani,mdash,Vikikitab
azwikiquote,wikiquote,az,Azerbaijani,mdash,Vikisitat
azwikisource,wikisource,az,Azerbaijani,mdash,Vikimənbə
azwiktionary,wiktionary,az,Azerbaijani,mdash,Wiktionary
barwiki,wikipedia,bar,mdash,mdash,Wikipedia
bat_smgwiki,wikipedia,sgs,mdash,mdash,Wikipedia
bawiki,wikipedia,ba,Bashkir,mdash,Википедия
bawikibooks,wikibooks,ba,Bashkir,mdash,Викидәреслек
bclwiki,wikipedia,bcl,mdash,mdash,Wikipedia
bdwikimedia,wikimedia,bn,Bengali,mdash,উইকিমিডিয়া বাংলাদেশ
betawikiversity,wikiversity,en,English,mdash,Wikiversity
bewiki,wikipedia,be,Belarusian,беларускі,Вікіпедыя
bewikibooks,wikibooks,be,Belarusian,беларускі,Wikibooks
bewikimedia,wikimedia,en,English,mdash,Wikimedia Belgium
bewikiquote,wikiquote,be,Belarusian,беларускі,Wikiquote
bewikisource,wikisource,be,Belarusian,беларускі,Вікікрыніцы
bewiktionary,wiktionary,be,Belarusian,беларускі,Вікіслоўнік
be_x_oldwiki,wikipedia,be-tarask,mdash,mdash,Вікіпэдыя
bgwiki,wikipedia,bg,Bulgarian,български,Уикипедия
bgwikibooks,wikibooks,bg,Bulgarian,български,Уикикниги
bgwikinews,wikinews,bg,Bulgarian,български,Уикиновини
bgwikiquote,wikiquote,bg,Bulgarian,български,Уикицитат
bgwikisource,wikisource,bg,Bulgarian,български,Уикиизточник
bgwiktionary,wiktionary,bg,Bulgarian,български,Уикиречник
bhwiki,wikipedia,bho,Bhojpuri,mdash,विकिपीडिया
biwiki,wikipedia,bi,Bislama,mdash,Wikipedia
bjnwiki,wikipedia,bjn,mdash,mdash,Wikipidia
bmwiki,wikipedia,bm,Bambara,mdash,Wikipedia
bnwiki,wikipedia,bn,Bengali,mdash,উইকিপিডিয়া
bnwikibooks,wikibooks,bn,Bengali,mdash,উইকিবই
bnwikisource,wikisource,bn,Bengali,mdash,উইকিসংকলন
bnwikivoyage,wikivoyage,bn,Bengali,mdash,উইকিভ্রমণ
bnwiktionary,wiktionary,bn,Bengali,mdash,উইকিঅভিধান
bowiki,wikipedia,bo,Tibetan,mdash,Wikipedia
bpywiki,wikipedia,bpy,mdash,mdash,উইকিপিডিয়া
brwiki,wikipedia,br,Breton,mdash,Wikipedia
brwikimedia,wikimedia,pt-br,mdash,mdash,Wikimedia Brasil
brwikiquote,wikiquote,br,Breton,mdash,Wikiarroud
brwikisource,wikisource,br,Breton,mdash,Wikimammenn
brwiktionary,wiktionary,br,Breton,mdash,Wikeriadur
bswiki,wikipedia,bs,Bosnian,mdash,Wikipedia
bswikibooks,wikibooks,bs,Bosnian,mdash,Wikiknjige
bswikinews,wikinews,bs,Bosnian,mdash,Wikivijesti
bswikiquote,wikiquote,bs,Bosnian,mdash,Wikicitati
bswikisource,wikisource,bs,Bosnian,mdash,Wikizvor
bswiktionary,wiktionary,bs,Bosnian,mdash,Wikirječnik
bugwiki,wikipedia,bug,Buginese,mdash,Wikipedia
bxrwiki,wikipedia,bxr,mdash,mdash,Wikipedia
cawiki,wikipedia,ca,Catalan,català,Viquipèdia
cawikibooks,wikibooks,ca,Catalan,català,Viquillibres
cawikimedia,wikimedia,en,English,mdash,Wikimedia Canada
cawikinews,wikinews,ca,Catalan,català,Viquinotícies
cawikiquote,wikiquote,ca,Catalan,català,Viquidites
cawikisource,wikisource,ca,Catalan,català,Viquitexts
cawiktionary,wiktionary,ca,Catalan,català,Viccionari
cbk_zamwiki,wikipedia,cbk-zam,mdash,mdash,Wikipedia
cdowiki,wikipedia,cdo,mdash,mdash,Wikipedia
cebwiki,wikipedia,ceb,Cebuano,mdash,Wikipedia
cewiki,wikipedia,ce,Chechen,mdash,Википеди
chrwiki,wikipedia,chr,Cherokee,mdash,Wikipedia
chrwiktionary,wiktionary,chr,Cherokee,mdash,Wiktionary
chwiki,wikipedia,ch,Chamorro,mdash,Wikipedia
chywiki,wikipedia,chy,Cheyenne,mdash,Tsétsêhéstâhese Wikipedia
ckbwiki,wikipedia,ckb,mdash,mdash,ویکیپیدیا
cnwikimedia,wikimedia,zh,Chinese,中文,中国维基媒体用户组
commonswiki,special,en,English,mdash,Wikimedia Commons
cowiki,wikipedia,co,Corsican,mdash,Wikipedia
cowikimedia,wikimedia,es,Spanish,español,Wikimedia Colombia
cowiktionary,wiktionary,co,Corsican,mdash,Wiktionary
crhwiki,wikipedia,crh,Crimean Tatar,mdash,Vikipediya
crwiki,wikipedia,cr,Cree,mdash,Wikipedia
csbwiki,wikipedia,csb,Kashubian,mdash,Wikipedia
csbwiktionary,wiktionary,csb,Kashubian,mdash,Wiktionary
cswiki,wikipedia,cs,Czech,čeština,Wikipedie
cswikibooks,wikibooks,cs,Czech,čeština,Wikiknihy
cswikinews,wikinews,cs,Czech,čeština,Wikizprávy
cswikiquote,wikiquote,cs,Czech,čeština,Wikicitáty
cswikisource,wikisource,cs,Czech,čeština,Wikizdroje
cswikiversity,wikiversity,cs,Czech,čeština,Wikiverzita
cswiktionary,wiktionary,cs,Czech,čeština,Wikislovník
cuwiki,wikipedia,cu,Church Slavic,mdash,Википєдїꙗ
cvwiki,wikipedia,cv,Chuvash,mdash,Википеди
cvwikibooks,wikibooks,cv,Chuvash,mdash,Wikibooks
cywiki,wikipedia,cy,Welsh,mdash,Wicipedia
cywikibooks,wikibooks,cy,Welsh,mdash,Wicilyfrau
cywikiquote,wikiquote,cy,Welsh,mdash,Wikiquote
cywikisource,wikisource,cy,Welsh,mdash,Wicidestun
cywiktionary,wiktionary,cy,Welsh,mdash,Wiciadur
dawiki,wikipedia,da,Danish,Dansk,Wikipedia
dawikibooks,wikibooks,da,Danish,Dansk,Wikibooks
dawikiquote,wikiquote,da,Danish,Dansk,Wikiquote
dawikisource,wikisource,da,Danish,Dansk,Wikisource
dawiktionary,wiktionary,da,Danish,Dansk,Wiktionary
dewiki,wikipedia,de,German,Deutsch,Wikipedia
dewikibooks,wikibooks,de,German,Deutsch,Wikibooks
dewikinews,wikinews,de,German,Deutsch,Wikinews
dewikiquote,wikiquote,de,German,Deutsch,Wikiquote
dewikisource,wikisource,de,German,Deutsch,Wikisource
dewikiversity,wikiversity,de,German,Deutsch,Wikiversity
dewikivoyage,wikivoyage,de,German,Deutsch,Wikivoyage
dewiktionary,wiktionary,de,German,Deutsch,Wiktionary
dinwiki,wikipedia,din,Dinka,mdash,Wikipedia
diqwiki,wikipedia,diq,mdash,mdash,Wikipedia
dkwikimedia,wikimedia,da,Danish,Dansk,Wikimedia Danmark
donatewiki,special,en,English,mdash,Donate
dsbwiki,wikipedia,dsb,Lower Sorbian,mdash,Wikipedija
dtywiki,wikipedia,dty,mdash,mdash,विकिपिडिया
dvwiki,wikipedia,dv,Divehi,mdash,ވިކިޕީޑިއާ
dvwiktionary,wiktionary,dv,Divehi,mdash,ވިކިރަދީފު
dzwiki,wikipedia,dz,Dzongkha,mdash,Wikipedia
eewiki,wikipedia,ee,Ewe,mdash,Wikipedia
elwiki,wikipedia,el,Greek,Ελληνικά,Βικιπαίδεια
elwikibooks,wikibooks,el,Greek,Ελληνικά,Βικιβιβλία
elwikinews,wikinews,el,Greek,Ελληνικά,Βικινέα
elwikiquote,wikiquote,el,Greek,Ελληνικά,Βικιφθέγματα
elwikisource,wikisource,el,Greek,Ελληνικά,Βικιθήκη
elwikiversity,wikiversity,el,Greek,Ελληνικά,Βικιεπιστήμιο
elwikivoyage,wikivoyage,el,Greek,Ελληνικά,Βικιταξίδια
elwiktionary,wiktionary,el,Greek,Ελληνικά,Βικιλεξικό
emlwiki,wikipedia,eml,mdash,mdash,Wikipedia
enwiki,wikipedia,en,English,mdash,Wikipedia
enwikibooks,wikibooks,en,English,mdash,Wikibooks
enwikinews,wikinews,en,English,mdash,Wikinews
enwikiquote,wikiquote,en,English,mdash,Wikiquote
enwikisource,wikisource,en,English,mdash,Wikisource
enwikiversity,wikiversity,en,English,mdash,Wikiversity
enwikivoyage,wikivoyage,en,English,mdash,Wikivoyage
enwiktionary,wiktionary,en,English,mdash,Wiktionary
eowiki,wikipedia,eo,Esperanto,mdash,Vikipedio
eowikibooks,wikibooks,eo,Esperanto,mdash,Vikilibroj
eowikinews,wikinews,eo,Esperanto,mdash,Vikinovaĵoj
eowikiquote,wikiquote,eo,Esperanto,mdash,Vikicitaro
eowikisource,wikisource,eo,Esperanto,mdash,Vikifontaro
eowiktionary,wiktionary,eo,Esperanto,mdash,Vikivortaro
eswiki,wikipedia,es,Spanish,español,Wikipedia
eswikibooks,wikibooks,es,Spanish,español,Wikilibros
eswikinews,wikinews,es,Spanish,español,Wikinoticias
eswikiquote,wikiquote,es,Spanish,español,Wikiquote
eswikisource,wikisource,es,Spanish,español,Wikisource
eswikiversity,wikiversity,es,Spanish,español,Wikiversidad
eswikivoyage,wikivoyage,es,Spanish,español,Wikiviajes
eswiktionary,wiktionary,es,Spanish,español,Wikcionario
etwiki,wikipedia,et,Estonian,Eesti,Vikipeedia
etwikibooks,wikibooks,et,Estonian,Eesti,Vikiõpikud
etwikimedia,wikimedia,et,Estonian,Eesti,Wikimedia Eesti
etwikiquote,wikiquote,et,Estonian,Eesti,Vikitsitaadid
etwikisource,wikisource,et,Estonian,Eesti,Vikitekstid
etwiktionary,wiktionary,et,Estonian,Eesti,Vikisõnastik
euwiki,wikipedia,eu,Basque,mdash,Wikipedia
euwikibooks,wikibooks,eu,Basque,mdash,Wikibooks
euwikiquote,wikiquote,eu,Basque,mdash,Wikiquote
euwikisource,wikisource,eu,Basque,mdash,Wikiteka
euwiktionary,wiktionary,eu,Basque,mdash,Wiktionary
extwiki,wikipedia,ext,mdash,mdash,Güiquipeya
fawiki,wikipedia,fa,Persian,mdash,ویکی‌پدیا
fawikibooks,wikibooks,fa,Persian,mdash,ویکی‌کتاب
fawikinews,wikinews,fa,Persian,mdash,ویکی‌خبر
fawikiquote,wikiquote,fa,Persian,mdash,ویکی‌گفتاورد
fawikisource,wikisource,fa,Persian,mdash,ویکی‌نبشته
fawikivoyage,wikivoyage,fa,Persian,mdash,ویکی‌سفر
fawiktionary,wiktionary,fa,Persian,mdash,ویکی‌واژه
ffwiki,wikipedia,ff,Fulah,mdash,Wikipedia
fiu_vrowiki,wikipedia,vro,mdash,mdash,Wikipedia
fiwiki,wikipedia,fi,Finnish,suomi,Wikipedia
fiwikibooks,wikibooks,fi,Finnish,suomi,Wikikirjasto
fiwikimedia,wikimedia,fi,Finnish,suomi,Wikimedia Suomi
fiwikinews,wikinews,fi,Finnish,suomi,Wikiuutiset
fiwikiquote,wikiquote,fi,Finnish,suomi,Wikisitaatit
fiwikisource,wikisource,fi,Finnish,suomi,Wikiaineisto
fiwikiversity,wikiversity,fi,Finnish,suomi,Wikiopisto
fiwikivoyage,wikivoyage,fi,Finnish,suomi,Wikimatkat
fiwiktionary,wiktionary,fi,Finnish,suomi,Wikisanakirja
fixcopyrightwiki,special,en,English,mdash,Fix copyright - Wikimedia Foundation
fjwiki,wikipedia,fj,Fijian,mdash,Wikipedia
fjwiktionary,wiktionary,fj,Fijian,mdash,Wiktionary
foundationwiki,special,en,English,mdash,Wikimedia Foundation Governance Wiki
fowiki,wikipedia,fo,Faroese,mdash,Wikipedia
fowikisource,wikisource,fo,Faroese,mdash,Wikiheimild
fowiktionary,wiktionary,fo,Faroese,mdash,Wiktionary
frpwiki,wikipedia,frp,mdash,mdash,Vouiquipèdia
frrwiki,wikipedia,frr,Northern Frisian,mdash,Wikipedia
frwiki,wikipedia,fr,French,français,Wikipédia
frwikibooks,wikibooks,fr,French,français,Wikilivres
frwikinews,wikinews,fr,French,français,Wikinews
frwikiquote,wikiquote,fr,French,français,Wikiquote
frwikisource,wikisource,fr,French,français,Wikisource
frwikiversity,wikiversity,fr,French,français,Wikiversité
frwikivoyage,wikivoyage,fr,French,français,Wikivoyage
frwiktionary,wiktionary,fr,French,français,Wiktionnaire
furwiki,wikipedia,fur,Friulian,mdash,Vichipedie
fywiki,wikipedia,fy,Frisian,mdash,Wikipedy
fywikibooks,wikibooks,fy,Frisian,mdash,Wikibooks
fywiktionary,wiktionary,fy,Frisian,mdash,Wiktionary
gagwiki,wikipedia,gag,mdash,mdash,Vikipediya
ganwiki,wikipedia,gan,mdash,mdash,維基百科
gawiki,wikipedia,ga,Irish,Gaeilge,Vicipéid
gawiktionary,wiktionary,ga,Irish,Gaeilge,Vicífhoclóir
gdwiki,wikipedia,gd,Scottish Gaelic,mdash,Uicipeid
gdwiktionary,wiktionary,gd,Scottish Gaelic,mdash,Wiktionary
glkwiki,wikipedia,glk,mdash,mdash,Wikipedia
glwiki,wikipedia,gl,Gallegan,mdash,Wikipedia
glwikibooks,wikibooks,gl,Gallegan,mdash,Wikibooks
glwikiquote,wikiquote,gl,Gallegan,mdash,Wikiquote
glwikisource,wikisource,gl,Gallegan,mdash,Wikisource
glwiktionary,wiktionary,gl,Gallegan,mdash,Wiktionary
gnwiki,wikipedia,gn,Guarani,mdash,Vikipetã
gnwiktionary,wiktionary,gn,Guarani,mdash,Wiktionary
gomwiki,wikipedia,gom,mdash,mdash,विकिपीडिया
gorwiki,wikipedia,gor,Gorontalo,mdash,Wikipedia
gotwiki,wikipedia,got,Gothic,mdash,Wikipedia
guwiki,wikipedia,gu,Gujarati,mdash,વિકિપીડિયા
guwikiquote,wikiquote,gu,Gujarati,mdash,વિકિસૂક્તિ
guwikisource,wikisource,gu,Gujarati,mdash,વિકિસ્રોત
guwiktionary,wiktionary,gu,Gujarati,mdash,વિકિકોશ
gvwiki,wikipedia,gv,Manx,mdash,Wikipedia
gvwiktionary,wiktionary,gv,Manx,mdash,Wiktionary
hakwiki,wikipedia,hak,mdash,mdash,Wikipedia
hawiki,wikipedia,ha,Hausa,mdash,Wikipedia
hawiktionary,wiktionary,ha,Hausa,mdash,Wiktionary
hawwiki,wikipedia,haw,Hawaiian,mdash,Wikipedia
hewiki,wikipedia,he,Hebrew,עברית,ויקיפדיה
hewikibooks,wikibooks,he,Hebrew,עברית,ויקיספר
hewikinews,wikinews,he,Hebrew,עברית,ויקיחדשות
hewikiquote,wikiquote,he,Hebrew,עברית,ויקיציטוט
hewikisource,wikisource,he,Hebrew,עברית,ויקיטקסט
hewikivoyage,wikivoyage,he,Hebrew,עברית,ויקימסע
hewiktionary,wiktionary,he,Hebrew,עברית,ויקימילון
hifwiki,wikipedia,hif,mdash,mdash,Wikipedia
hifwiktionary,wiktionary,hif,mdash,mdash,Sabdkosh
hiwiki,wikipedia,hi,Hindi,हिंदी,विकिपीडिया
hiwikibooks,wikibooks,hi,Hindi,हिंदी,Wikibooks
hiwikimedia,wikimedia,hi,Hindi,हिंदी,Hindi Wikimedians User Group
hiwikiquote,wikiquote,hi,Hindi,हिंदी,विकिसूक्ति
hiwikiversity,wikiversity,hi,Hindi,हिंदी,विकिविश्वविद्यालय
hiwikivoyage,wikivoyage,hi,Hindi,हिंदी,विकियात्रा
hiwiktionary,wiktionary,hi,Hindi,हिंदी,विक्षनरी
hrwiki,wikipedia,hr,Croatian,hrvatski,Wikipedija
hrwikibooks,wikibooks,hr,Croatian,hrvatski,Wikibooks
hrwikiquote,wikiquote,hr,Croatian,hrvatski,Wikicitat
hrwikisource,wikisource,hr,Croatian,hrvatski,Wikizvor
hrwiktionary,wiktionary,hr,Croatian,hrvatski,Wiktionary
hsbwiki,wikipedia,hsb,Upper Sorbian,mdash,Wikipedija
hsbwiktionary,wiktionary,hsb,Upper Sorbian,mdash,Wikisłownik
htwiki,wikipedia,ht,Haitian,mdash,Wikipedya
huwiki,wikipedia,hu,Hungarian,magyar,Wikipédia
huwikibooks,wikibooks,hu,Hungarian,magyar,Wikikönyvek
huwikiquote,wikiquote,hu,Hungarian,magyar,Wikidézet
huwikisource,wikisource,hu,Hungarian,magyar,Wikiforrás
huwiktionary,wiktionary,hu,Hungarian,magyar,Wikiszótár
hywiki,wikipedia,hy,Armenian,mdash,Վիքիպեդիա
hywikibooks,wikibooks,hy,Armenian,mdash,Վիքիգրքեր
hywikiquote,wikiquote,hy,Armenian,mdash,Վիքիքաղվածք
hywikisource,wikisource,hy,Armenian,mdash,Վիքիդարան
hywiktionary,wiktionary,hy,Armenian,mdash,Վիքիբառարան
iawiki,wikipedia,ia,Interlingua,mdash,Wikipedia
iawikibooks,wikibooks,ia,Interlingua,mdash,Wikibooks
iawiktionary,wiktionary,ia,Interlingua,mdash,Wiktionario
idwiki,wikipedia,id,Indonesian,Bahasa Indonesia,Wikipedia
idwikibooks,wikibooks,id,Indonesian,Bahasa Indonesia,Wikibuku
idwikimedia,wikimedia,id,Indonesian,Bahasa Indonesia,Wikimedia Indonesia
idwikiquote,wikiquote,id,Indonesian,Bahasa Indonesia,Wikiquote
idwikisource,wikisource,id,Indonesian,Bahasa Indonesia,Wikisource
idwiktionary,wiktionary,id,Indonesian,Bahasa Indonesia,Wiktionary
iewiki,wikipedia,ie,Interlingue,mdash,Wikipedia
iewiktionary,wiktionary,ie,Interlingue,mdash,Wiktionary
igwiki,wikipedia,ig,Igbo,mdash,Wikipedia
ikwiki,wikipedia,ik,Inupiaq,mdash,Wikipedia
ilowiki,wikipedia,ilo,Iloko,mdash,Wikipedia
incubatorwiki,special,en,English,mdash,Wikimedia Incubator
inhwiki,wikipedia,inh,Ingush,mdash,Википеди
iowiki,wikipedia,io,Ido,mdash,Wikipedio
iowiktionary,wiktionary,io,Ido,mdash,Wikivortaro
iswiki,wikipedia,is,Icelandic,íslenska,Wikipedia
iswikibooks,wikibooks,is,Icelandic,íslenska,Wikibækur
iswikiquote,wikiquote,is,Icelandic,íslenska,Wikivitnun
iswikisource,wikisource,is,Icelandic,íslenska,Wikiheimild
iswiktionary,wiktionary,is,Icelandic,íslenska,Wikiorðabók
itwiki,wikipedia,it,Italian,italiano,Wikipedia
itwikibooks,wikibooks,it,Italian,italiano,Wikibooks
itwikinews,wikinews,it,Italian,italiano,Wikinotizie
itwikiquote,wikiquote,it,Italian,italiano,Wikiquote
itwikisource,wikisource,it,Italian,italiano,Wikisource
itwikiversity,wikiversity,it,Italian,italiano,Wikiversità
itwikivoyage,wikivoyage,it,Italian,italiano,Wikivoyage
itwiktionary,wiktionary,it,Italian,italiano,Wikizionario
iuwiki,wikipedia,iu,Inuktitut,mdash,ᐅᐃᑭᐱᑎᐊ
iuwiktionary,wiktionary,iu,Inuktitut,mdash,Wiktionary
jamwiki,wikipedia,jam,mdash,mdash,Wikipidia
jawiki,wikipedia,ja,Japanese,日本語,Wikipedia
jawikibooks,wikibooks,ja,Japanese,日本語,Wikibooks
jawikinews,wikinews,ja,Japanese,日本語,ウィキニュース
jawikiquote,wikiquote,ja,Japanese,日本語,Wikiquote
jawikisource,wikisource,ja,Japanese,日本語,Wikisource
jawikiversity,wikiversity,ja,Japanese,日本語,ウィキバーシティ
jawiktionary,wiktionary,ja,Japanese,日本語,Wiktionary
jbowiki,wikipedia,jbo,Lojban,mdash,Wikipedia
jbowiktionary,wiktionary,jbo,Lojban,mdash,Wiktionary
jvwiki,wikipedia,jv,Javanese,mdash,Wikipedia
jvwiktionary,wiktionary,jv,Javanese,mdash,Wiktionary
kaawiki,wikipedia,kaa,Kara-Kalpak,mdash,Wikipedia
kabwiki,wikipedia,kab,Kabyle,mdash,Wikipedia
kawiki,wikipedia,ka,Georgian,mdash,ვიკიპედია
kawikibooks,wikibooks,ka,Georgian,mdash,ვიკიწიგნები
kawikiquote,wikiquote,ka,Georgian,mdash,ვიკიციტატა
kawiktionary,wiktionary,ka,Georgian,mdash,ვიქსიკონი
kbdwiki,wikipedia,kbd,Kabardian,mdash,Уикипедиэ
kbpwiki,wikipedia,kbp,mdash,mdash,Wikipediya
kgwiki,wikipedia,kg,Kongo,mdash,Wikipedia
kiwiki,wikipedia,ki,Kikuyu,mdash,Wikipedia
kkwiki,wikipedia,kk,Kazakh,mdash,Уикипедия
kkwikibooks,wikibooks,kk,Kazakh,mdash,Уикикітап
kkwiktionary,wiktionary,kk,Kazakh,mdash,Уикисөздік
klwiki,wikipedia,kl,Greenlandic,mdash,Wikipedia
klwiktionary,wiktionary,kl,Greenlandic,mdash,Wiktionary
kmwiki,wikipedia,km,Khmer,mdash,វិគីភីឌា
kmwikibooks,wikibooks,km,Khmer,mdash,Wikibooks
kmwiktionary,wiktionary,km,Khmer,mdash,Wiktionary
knwiki,wikipedia,kn,Kannada,mdash,ವಿಕಿಪೀಡಿಯ
knwikiquote,wikiquote,kn,Kannada,mdash,ವಿಕಿಕೋಟ್
knwikisource,wikisource,kn,Kannada,mdash,ವಿಕಿಸೋರ್ಸ್
knwiktionary,wiktionary,kn,Kannada,mdash,ವಿಕ್ಷನರಿ
koiwiki,wikipedia,koi,mdash,mdash,Википедия
kowiki,wikipedia,ko,Korean,한국어,위키백과
kowikibooks,wikibooks,ko,Korean,한국어,위키책
kowikinews,wikinews,ko,Korean,한국어,위키뉴스
kowikiquote,wikiquote,ko,Korean,한국어,위키인용집
kowikisource,wikisource,ko,Korean,한국어,위키문헌
kowikiversity,wikiversity,ko,Korean,한국어,위키배움터
kowiktionary,wiktionary,ko,Korean,한국어,위키낱말사전
krcwiki,wikipedia,krc,Karachay-Balkar,mdash,Википедия
kshwiki,wikipedia,ksh,mdash,mdash,Wikipedia
kswiki,wikipedia,ks,Kashmiri,mdash,Wikipedia
kswiktionary,wiktionary,ks,Kashmiri,mdash,Wiktionary
kuwiki,wikipedia,ku,Kurdish,mdash,Wîkîpediya
kuwikibooks,wikibooks,ku,Kurdish,mdash,Wikibooks
kuwikiquote,wikiquote,ku,Kurdish,mdash,Wikiquote
kuwiktionary,wiktionary,ku,Kurdish,mdash,Wîkîferheng
kvwiki,wikipedia,kv,Komi,mdash,Wikipedia
kwwiki,wikipedia,kw,Cornish,mdash,Wikipedia
kwwiktionary,wiktionary,kw,Cornish,mdash,Wiktionary
kywiki,wikipedia,ky,Kirghiz,mdash,Wikipedia
kywikibooks,wikibooks,ky,Kirghiz,mdash,Wikibooks
kywikiquote,wikiquote,ky,Kirghiz,mdash,Wikiquote
kywiktionary,wiktionary,ky,Kirghiz,mdash,Wiktionary
ladwiki,wikipedia,lad,Ladino,mdash,Vikipedya
lawiki,wikipedia,la,Latin,mdash,Vicipaedia
lawikibooks,wikibooks,la,Latin,mdash,Vicilibri
lawikiquote,wikiquote,la,Latin,mdash,Vicicitatio
lawikisource,wikisource,la,Latin,mdash,Wikisource
lawiktionary,wiktionary,la,Latin,mdash,Victionarium
lbewiki,wikipedia,lbe,mdash,mdash,Википедия
lbwiki,wikipedia,lb,Luxembourgish,mdash,Wikipedia
lbwiktionary,wiktionary,lb,Luxembourgish,mdash,Wiktionnaire
lezwiki,wikipedia,lez,Lezghian,mdash,Википедия
lfnwiki,wikipedia,lfn,mdash,mdash,Vicipedia
lgwiki,wikipedia,lg,Ganda,mdash,Wikipedia
lijwiki,wikipedia,lij,mdash,mdash,Wikipedia
liwiki,wikipedia,li,Limburgish,mdash,Wikipedia
liwikibooks,wikibooks,li,Limburgish,mdash,Wikibeuk
liwikinews,wikinews,li,Limburgish,mdash,Wikinuujs
liwikiquote,wikiquote,li,Limburgish,mdash,Wikiquote
liwikisource,wikisource,li,Limburgish,mdash,Wikibrónne
liwiktionary,wiktionary,li,Limburgish,mdash,Wiktionary
lmowiki,wikipedia,lmo,mdash,mdash,Wikipedia
lnwiki,wikipedia,ln,Lingala,mdash,Wikipedia
lnwiktionary,wiktionary,ln,Lingala,mdash,Wiktionary
loginwiki,special,en,English,mdash,Wikimedia Login Wiki
lowiki,wikipedia,lo,Lao,mdash,ວິກິພີເດຍ
lowiktionary,wiktionary,lo,Lao,mdash,Wiktionary
lrcwiki,wikipedia,lrc,mdash,mdash,ڤیکیپئدیا
ltgwiki,wikipedia,ltg,mdash,mdash,Vikipedeja
ltwiki,wikipedia,lt,Lithuanian,Lietuvių,Vikipedija
ltwikibooks,wikibooks,lt,Lithuanian,Lietuvių,Wikibooks
ltwikiquote,wikiquote,lt,Lithuanian,Lietuvių,Wikiquote
ltwikisource,wikisource,lt,Lithuanian,Lietuvių,Vikišaltiniai
ltwiktionary,wiktionary,lt,Lithuanian,Lietuvių,Vikižodynas
lvwiki,wikipedia,lv,Latvian,Latviešu,Vikipēdija
lvwiktionary,wiktionary,lv,Latvian,Latviešu,Wiktionary
maiwiki,wikipedia,mai,Maithili,mdash,विकिपिडिया
maiwikimedia,wikimedia,mai,Maithili,mdash,मैथिली विकिमिडियन्स
map_bmswiki,wikipedia,map-bms,mdash,mdash,Wikipedia
mdfwiki,wikipedia,mdf,Moksha,mdash,Википедиесь
mediawikiwiki,special,en,English,mdash,MediaWiki
metawiki,special,en,English,mdash,Meta
mgwiki,wikipedia,mg,Malagasy,mdash,Wikipedia
mgwikibooks,wikibooks,mg,Malagasy,mdash,Wikibooks
mgwiktionary,wiktionary,mg,Malagasy,mdash,Wiktionary
mhrwiki,wikipedia,mhr,mdash,mdash,Википедий
minwiki,wikipedia,min,Minangkabau,mdash,Wikipedia
miwiki,wikipedia,mi,Maori,mdash,Wikipedia
miwiktionary,wiktionary,mi,Maori,mdash,Wiktionary
mkwiki,wikipedia,mk,Macedonian,македонски,Википедија
mkwikibooks,wikibooks,mk,Macedonian,македонски,Wikibooks
mkwikimedia,wikimedia,mk,Macedonian,македонски,Викимедија Македонија
mkwikisource,wikisource,mk,Macedonian,македонски,Wikisource
mkwiktionary,wiktionary,mk,Macedonian,македонски,Викиречник
mlwiki,wikipedia,ml,Malayalam,mdash,വിക്കിപീഡിയ
mlwikibooks,wikibooks,ml,Malayalam,mdash,വിക്കിപാഠശാല
mlwikiquote,wikiquote,ml,Malayalam,mdash,വിക്കിചൊല്ലുകൾ
mlwikisource,wikisource,ml,Malayalam,mdash,വിക്കിഗ്രന്ഥശാല
mlwiktionary,wiktionary,ml,Malayalam,mdash,വിക്കിനിഘണ്ടു
mnwiki,wikipedia,mn,Mongolian,mdash,Википедиа
mnwiktionary,wiktionary,mn,Mongolian,mdash,Wiktionary
mrjwiki,wikipedia,mrj,mdash,mdash,Википеди
mrwiki,wikipedia,mr,Marathi,mdash,विकिपीडिया
mrwikibooks,wikibooks,mr,Marathi,mdash,विकिबुक्स
mrwikiquote,wikiquote,mr,Marathi,mdash,Wikiquote
mrwikisource,wikisource,mr,Marathi,mdash,विकिस्रोत
mrwiktionary,wiktionary,mr,Marathi,mdash,Wiktionary
mswiki,wikipedia,ms,Malay,Bahasa Melayu,Wikipedia
mswikibooks,wikibooks,ms,Malay,Bahasa Melayu,Wikibooks
mswiktionary,wiktionary,ms,Malay,Bahasa Melayu,Wiktionary
mtwiki,wikipedia,mt,Maltese,Malti,Wikipedija
mtwiktionary,wiktionary,mt,Maltese,Malti,Wikizzjunarju
mwlwiki,wikipedia,mwl,Mirandese,mdash,Biquipédia
mxwikimedia,wikimedia,es,Spanish,español,Wikimedia México
myvwiki,wikipedia,myv,Erzya,mdash,Википедиясь
mywiki,wikipedia,my,Burmese,mdash,ဝီကီပီးဒီးယား
mywiktionary,wiktionary,my,Burmese,mdash,ဝစ်ရှင်နရီ
mznwiki,wikipedia,mzn,mdash,mdash,ویکی‌پدیا
nahwiki,wikipedia,nah,Nahuatl,mdash,Huiquipedia
nahwiktionary,wiktionary,nah,Nahuatl,mdash,Wiktionary
napwiki,wikipedia,nap,Neapolitan,mdash,Wikipedia
nawiki,wikipedia,na,Nauru,mdash,Wikipedia
nawiktionary,wiktionary,na,Nauru,mdash,Wiktionary
ndswiki,wikipedia,nds,Low German,mdash,Wikipedia
ndswiktionary,wiktionary,nds,Low German,mdash,Wiktionary
nds_nlwiki,wikipedia,nds-nl,mdash,mdash,Wikipedie
newiki,wikipedia,ne,Nepali,mdash,विकिपिडिया
newikibooks,wikibooks,ne,Nepali,mdash,विकिपुस्तक
newiktionary,wiktionary,ne,Nepali,mdash,Wiktionary
newwiki,wikipedia,new,Nepal Bhasa,mdash,Wikipedia
nlwiki,wikipedia,nl,Dutch,Nederlands,Wikipedia
nlwikibooks,wikibooks,nl,Dutch,Nederlands,Wikibooks
nlwikimedia,wikimedia,nl,Dutch,Nederlands,Wikimedia
nlwikinews,wikinews,nl,Dutch,Nederlands,Wikinieuws
nlwikiquote,wikiquote,nl,Dutch,Nederlands,Wikiquote
nlwikisource,wikisource,nl,Dutch,Nederlands,Wikisource
nlwikivoyage,wikivoyage,nl,Dutch,Nederlands,Wikivoyage
nlwiktionary,wiktionary,nl,Dutch,Nederlands,WikiWoordenboek
nnwiki,wikipedia,nn,Norwegian Nynorsk,mdash,Wikipedia
nnwikiquote,wikiquote,nn,Norwegian Nynorsk,mdash,Wikiquote
nnwiktionary,wiktionary,nn,Norwegian Nynorsk,mdash,Wiktionary
nostalgiawiki,special,en,English,mdash,Wikipedia
novwiki,wikipedia,nov,mdash,mdash,Wikipedia
nowiki,wikipedia,nb,Norwegian Bokmål,mdash,Wikipedia
nowikibooks,wikibooks,nb,Norwegian Bokmål,mdash,Wikibøker
nowikimedia,wikimedia,nb,Norwegian Bokmål,mdash,Wikimedia Norge
nowikinews,wikinews,nb,Norwegian Bokmål,mdash,Wikinytt
nowikiquote,wikiquote,nb,Norwegian Bokmål,mdash,Wikiquote
nowikisource,wikisource,nb,Norwegian Bokmål,mdash,Wikikilden
nowiktionary,wiktionary,nb,Norwegian Bokmål,mdash,Wiktionary
nrmwiki,wikipedia,nrm,mdash,mdash,Wikipedia
nsowiki,wikipedia,nso,Pedi,mdash,Wikipedia
nvwiki,wikipedia,nv,Navajo,mdash,Wikipedia
nycwikimedia,wikimedia,en,English,mdash,Wikimedia New York City
nywiki,wikipedia,ny,Nyanja,mdash,Wikipedia
ocwiki,wikipedia,oc,Occitan,mdash,Wikipèdia
ocwikibooks,wikibooks,oc,Occitan,mdash,Wikilibres
ocwiktionary,wiktionary,oc,Occitan,mdash,Wikiccionari
olowiki,wikipedia,olo,mdash,mdash,Wikipedii
omwiki,wikipedia,om,Oromo,mdash,Wikipedia
omwiktionary,wiktionary,om,Oromo,mdash,Wiktionary
orwiki,wikipedia,or,Oriya,mdash,ଉଇକିପିଡ଼ିଆ
orwikisource,wikisource,or,Oriya,mdash,ଉଇକିପାଠାଗାର
orwiktionary,wiktionary,or,Oriya,mdash,ଉଇକିଅଭିଧାନ
oswiki,wikipedia,os,Ossetian,mdash,Википеди
outreachwiki,special,en,English,mdash,Outreach Wiki
pagwiki,wikipedia,pag,Pangasinan,mdash,Wikipedia
pamwiki,wikipedia,pam,Pampanga,mdash,Wikipedia
papwiki,wikipedia,pap,Papiamento,mdash,Wikipedia
pawiki,wikipedia,pa,Panjabi,mdash,ਵਿਕੀਪੀਡੀਆ
pawikibooks,wikibooks,pa,Panjabi,mdash,Wikibooks
pawikisource,wikisource,pa,Panjabi,mdash,ਵਿਕੀਸਰੋਤ
pawiktionary,wiktionary,pa,Panjabi,mdash,Wiktionary
pcdwiki,wikipedia,pcd,mdash,mdash,Wikipedia
pdcwiki,wikipedia,pdc,mdash,mdash,Wikipedia
pflwiki,wikipedia,pfl,mdash,mdash,Wikipedia
pihwiki,wikipedia,pih,mdash,mdash,Wikipedia
piwiki,wikipedia,pi,Pali,mdash,Wikipedia
plwiki,wikipedia,pl,Polish,polski,Wikipedia
plwikibooks,wikibooks,pl,Polish,polski,Wikibooks
plwikimedia,wikimedia,pl,Polish,polski,Wikimedia
plwikinews,wikinews,pl,Polish,polski,Wikinews
plwikiquote,wikiquote,pl,Polish,polski,Wikicytaty
plwikisource,wikisource,pl,Polish,polski,Wikiźródła
plwikivoyage,wikivoyage,pl,Polish,polski,Wikipodróże
plwiktionary,wiktionary,pl,Polish,polski,Wikisłownik
pmswiki,wikipedia,pms,mdash,mdash,Wikipedia
pmswikisource,wikisource,pms,mdash,mdash,Wikisource
pnbwiki,wikipedia,pnb,mdash,mdash,وکیپیڈیا
pnbwiktionary,wiktionary,pnb,mdash,mdash,وکشنری
pntwiki,wikipedia,pnt,mdash,mdash,Βικιπαίδεια
pswiki,wikipedia,ps,Pushto,mdash,ويکيپېډيا
pswikivoyage,wikivoyage,ps,Pushto,mdash,ويکيسفر
pswiktionary,wiktionary,ps,Pushto,mdash,ويکيسيند
ptwiki,wikipedia,pt,Portuguese,português,Wikipédia
ptwikibooks,wikibooks,pt,Portuguese,português,Wikilivros
ptwikimedia,wikimedia,pt,Portuguese,português,Wikimedia Portugal
ptwikinews,wikinews,pt,Portuguese,português,Wikinotícias
ptwikiquote,wikiquote,pt,Portuguese,português,Wikiquote
ptwikisource,wikisource,pt,Portuguese,português,Wikisource
ptwikiversity,wikiversity,pt,Portuguese,português,Wikiversidade
ptwikivoyage,wikivoyage,pt,Portuguese,português,Wikivoyage
ptwiktionary,wiktionary,pt,Portuguese,português,Wikcionário
punjabiwikimedia,wikimedia,punjabi,mdash,mdash,Punjabi Wikimedians
quwiki,wikipedia,qu,Quechua,mdash,Wikipedia
quwiktionary,wiktionary,qu,Quechua,mdash,Wiktionary
rmwiki,wikipedia,rm,Raeto-Romance,mdash,Wikipedia
rmywiki,wikipedia,rmy,mdash,mdash,Vikipidiya
rnwiki,wikipedia,rn,Rundi,mdash,Wikipedia
roa_rupwiki,wikipedia,rup,Aromanian,mdash,Wikipedia
roa_rupwiktionary,wiktionary,rup,Aromanian,mdash,Wiktionary
roa_tarawiki,wikipedia,roa-tara,mdash,mdash,Wikipedia
romdwikimedia,wikimedia,ro,Romanian,română,Wikimedia
rowiki,wikipedia,ro,Romanian,română,Wikipedia
rowikibooks,wikibooks,ro,Romanian,română,Wikimanuale
rowikinews,wikinews,ro,Romanian,română,Wikiștiri
rowikiquote,wikiquote,ro,Romanian,română,Wikicitat
rowikisource,wikisource,ro,Romanian,română,Wikisource
rowikivoyage,wikivoyage,ro,Romanian,română,Wikivoyage
rowiktionary,wiktionary,ro,Romanian,română,Wikționar
rswikimedia,wikimedia,sr,Serbian,Српски,Викимедија
ruewiki,wikipedia,rue,mdash,mdash,Вікіпедія
ruwiki,wikipedia,ru,Russian,русский,Википедия
ruwikibooks,wikibooks,ru,Russian,русский,Викиучебник
ruwikimedia,wikimedia,ru,Russian,русский,Викимедиа
ruwikinews,wikinews,ru,Russian,русский,Викиновости
ruwikiquote,wikiquote,ru,Russian,русский,Викицитатник
ruwikisource,wikisource,ru,Russian,русский,Викитека
ruwikiversity,wikiversity,ru,Russian,русский,Викиверситет
ruwikivoyage,wikivoyage,ru,Russian,русский,Wikivoyage
ruwiktionary,wiktionary,ru,Russian,русский,Викисловарь
rwwiki,wikipedia,rw,Kinyarwanda,mdash,Wikipedia
rwwiktionary,wiktionary,rw,Kinyarwanda,mdash,Wiktionary
sahwiki,wikipedia,sah,Yakut,mdash,Бикипиэдьийэ
sahwikiquote,wikiquote,sah,Yakut,mdash,Биики_Домох
sahwikisource,wikisource,sah,Yakut,mdash,Бикитиэкэ
satwiki,wikipedia,sat,Santali,mdash,ᱣᱤᱠᱤᱯᱤᱰᱤᱭᱟ
sawiki,wikipedia,sa,Sanskrit,mdash,विकिपीडिया
sawikibooks,wikibooks,sa,Sanskrit,mdash,विकिपुस्तकानि
sawikiquote,wikiquote,sa,Sanskrit,mdash,विकिसूक्तिः
sawikisource,wikisource,sa,Sanskrit,mdash,विकिस्रोतः
sawiktionary,wiktionary,sa,Sanskrit,mdash,विकिशब्दकोशः
scnwiki,wikipedia,scn,Sicilian,mdash,Wikipedia
scnwiktionary,wiktionary,scn,Sicilian,mdash,Wikizziunariu
scowiki,wikipedia,sco,Scots,mdash,Wikipedia
scwiki,wikipedia,sc,Sardinian,mdash,Wikipedia
sdwiki,wikipedia,sd,Sindhi,mdash,وڪيپيڊيا
sdwiktionary,wiktionary,sd,Sindhi,mdash,Wiktionary
sewiki,wikipedia,se,Northern Sami,mdash,Wikipedia
sewikimedia,wikimedia,sv,Swedish,svenska,Wikimedia
sgwiki,wikipedia,sg,Sango,mdash,Wikipedia
sgwiktionary,wiktionary,sg,Sango,mdash,Wiktionary
shnwiki,wikipedia,shn,Shan,mdash,Wikipedia
shwiki,wikipedia,sh,mdash,mdash,Wikipedia
shwiktionary,wiktionary,sh,mdash,mdash,Wiktionary
simplewiki,wikipedia,en,English,mdash,Wikipedia
simplewiktionary,wiktionary,en,English,mdash,Wiktionary
siwiki,wikipedia,si,Sinhalese,mdash,විකිපීඩියා, නිදහස් විශ්වකෝෂය
siwikibooks,wikibooks,si,Sinhalese,mdash,Wikibooks
siwiktionary,wiktionary,si,Sinhalese,mdash,Wiktionary
skwiki,wikipedia,sk,Slovak,Slovenčina,Wikipédia
skwikibooks,wikibooks,sk,Slovak,Slovenčina,Wikiknihy
skwikiquote,wikiquote,sk,Slovak,Slovenčina,Wikicitáty
skwikisource,wikisource,sk,Slovak,Slovenčina,Wikizdroje
skwiktionary,wiktionary,sk,Slovak,Slovenčina,Wikislovník
slwiki,wikipedia,sl,Slovenian,Slovenščina,Wikipedija
slwikibooks,wikibooks,sl,Slovenian,Slovenščina,Wikiknjige
slwikiquote,wikiquote,sl,Slovenian,Slovenščina,Wikinavedek
slwikisource,wikisource,sl,Slovenian,Slovenščina,Wikivir
slwikiversity,wikiversity,sl,Slovenian,Slovenščina,Wikiverza
slwiktionary,wiktionary,sl,Slovenian,Slovenščina,Wikislovar
smwiki,wikipedia,sm,Samoan,mdash,Wikipedia
smwiktionary,wiktionary,sm,Samoan,mdash,Wiktionary
snwiki,wikipedia,sn,Shona,mdash,Wikipedia
sourceswiki,special,en,English,mdash,Wikisource
sowiki,wikipedia,so,Somali,mdash,Wikipedia
sowiktionary,wiktionary,so,Somali,mdash,Wiktionary
specieswiki,special,en,English,mdash,Wikispecies
sqwiki,wikipedia,sq,Albanian,shqip,Wikipedia
sqwikibooks,wikibooks,sq,Albanian,shqip,Wikibooks
sqwikinews,wikinews,sq,Albanian,shqip,Wikilajme
sqwikiquote,wikiquote,sq,Albanian,shqip,Wikiquote
sqwiktionary,wiktionary,sq,Albanian,shqip,Wiktionary
srnwiki,wikipedia,srn,Sranan Tongo,mdash,Wikipedia
srwiki,wikipedia,sr,Serbian,Српски,Википедија
srwikibooks,wikibooks,sr,Serbian,Српски,Викикњиге
srwikinews,wikinews,sr,Serbian,Српски,Викивести
srwikiquote,wikiquote,sr,Serbian,Српски,Викицитат
srwikisource,wikisource,sr,Serbian,Српски,Викизворник
srwiktionary,wiktionary,sr,Serbian,Српски,Викиречник
sswiki,wikipedia,ss,Swati,mdash,Wikipedia
sswiktionary,wiktionary,ss,Swati,mdash,Wiktionary
stqwiki,wikipedia,stq,mdash,mdash,Wikipedia
stwiki,wikipedia,st,Southern Sotho,mdash,Wikipedia
stwiktionary,wiktionary,st,Southern Sotho,mdash,Wiktionary
suwiki,wikipedia,su,Sundanese,mdash,Wikipedia
suwikiquote,wikiquote,su,Sundanese,mdash,Wikiquote
suwiktionary,wiktionary,su,Sundanese,mdash,Wiktionary
svwiki,wikipedia,sv,Swedish,svenska,Wikipedia
svwikibooks,wikibooks,sv,Swedish,svenska,Wikibooks
svwikinews,wikinews,sv,Swedish,svenska,Wikinews
svwikiquote,wikiquote,sv,Swedish,svenska,Wikiquote
svwikisource,wikisource,sv,Swedish,svenska,Wikisource
svwikiversity,wikiversity,sv,Swedish,svenska,Wikiversity
svwikivoyage,wikivoyage,sv,Swedish,svenska,Wikivoyage
svwiktionary,wiktionary,sv,Swedish,svenska,Wiktionary
swwiki,wikipedia,sw,Swahili,mdash,Wikipedia
swwiktionary,wiktionary,sw,Swahili,mdash,Wiktionary
szlwiki,wikipedia,szl,mdash,mdash,Wikipedia
tawiki,wikipedia,ta,Tamil,mdash,விக்கிப்பீடியா
tawikibooks,wikibooks,ta,Tamil,mdash,விக்கிநூல்கள்
tawikinews,wikinews,ta,Tamil,mdash,விக்கிசெய்தி
tawikiquote,wikiquote,ta,Tamil,mdash,விக்கிமேற்கோள்
tawikisource,wikisource,ta,Tamil,mdash,விக்கிமூலம்
tawiktionary,wiktionary,ta,Tamil,mdash,விக்சனரி
tcywiki,wikipedia,tcy,mdash,mdash,ವಿಕಿಪೀಡಿಯ
test2wiki,wikipedia,en,English,mdash,Wikipedia
testwiki,wikipedia,en,English,mdash,Wikipedia
testwikidatawiki,wikidata,en,English,mdash,Wikidata
tetwiki,wikipedia,tet,Tetum,mdash,Wikipedia
tewiki,wikipedia,te,Telugu,mdash,వికీపీడియా
tewikibooks,wikibooks,te,Telugu,mdash,Wikibooks
tewikiquote,wikiquote,te,Telugu,mdash,వికీవ్యాఖ్య
tewikisource,wikisource,te,Telugu,mdash,వికీసోర్స్
tewiktionary,wiktionary,te,Telugu,mdash,విక్షనరీ
tgwiki,wikipedia,tg,Tajik,mdash,Википедиа
tgwikibooks,wikibooks,tg,Tajik,mdash,Wikibooks
tgwiktionary,wiktionary,tg,Tajik,mdash,Wiktionary
thwiki,wikipedia,th,Thai,ไทย,วิกิพีเดีย
thwikibooks,wikibooks,th,Thai,ไทย,วิกิตำรา
thwikiquote,wikiquote,th,Thai,ไทย,วิกิคำคม
thwikisource,wikisource,th,Thai,ไทย,วิกิซอร์ซ
thwiktionary,wiktionary,th,Thai,ไทย,Wiktionary
tiwiki,wikipedia,ti,Tigrinya,mdash,Wikipedia
tiwiktionary,wiktionary,ti,Tigrinya,mdash,Wiktionary
tkwiki,wikipedia,tk,Turkmen,mdash,Wikipediýa
tkwiktionary,wiktionary,tk,Turkmen,mdash,Wikisözlük
tlwiki,wikipedia,tl,Tagalog,mdash,Wikipedia
tlwikibooks,wikibooks,tl,Tagalog,mdash,Wikibooks
tlwiktionary,wiktionary,tl,Tagalog,mdash,Wiktionary
tnwiki,wikipedia,tn,Tswana,mdash,Wikipedia
tnwiktionary,wiktionary,tn,Tswana,mdash,Wiktionary
towiki,wikipedia,to,Tonga,mdash,Wikipedia
tpiwiki,wikipedia,tpi,Tok Pisin,mdash,Wikipedia
tpiwiktionary,wiktionary,tpi,Tok Pisin,mdash,Wiktionary
trwiki,wikipedia,tr,Turkish,Türkçe,Vikipedi
trwikibooks,wikibooks,tr,Turkish,Türkçe,Vikikitap
trwikimedia,wikimedia,tr,Turkish,Türkçe,Wikimedia Türkiye
trwikinews,wikinews,tr,Turkish,Türkçe,Vikihaber
trwikiquote,wikiquote,tr,Turkish,Türkçe,Vikisöz
trwikisource,wikisource,tr,Turkish,Türkçe,Vikikaynak
trwiktionary,wiktionary,tr,Turkish,Türkçe,Vikisözlük
tswiki,wikipedia,ts,Tsonga,mdash,Wikipedia
tswiktionary,wiktionary,ts,Tsonga,mdash,Wiktionary
ttwiki,wikipedia,tt,Tatar,mdash,Wikipedia
ttwikibooks,wikibooks,tt,Tatar,mdash,Wikibooks
ttwiktionary,wiktionary,tt,Tatar,mdash,Wiktionary
tumwiki,wikipedia,tum,Tumbuka,mdash,Wikipedia
twwiki,wikipedia,tw,Twi,mdash,Wikipedia
tyvwiki,wikipedia,tyv,Tuvinian,mdash,Википедия
tywiki,wikipedia,ty,Tahitian,mdash,Wikipedia
uawikimedia,wikimedia,uk,Ukrainian,українська,Вікімедіа Україна
udmwiki,wikipedia,udm,Udmurt,mdash,Википедия
ugwiki,wikipedia,ug,Uighur,mdash,Wikipedia
ugwiktionary,wiktionary,ug,Uighur,mdash,Wiktionary
ukwiki,wikipedia,uk,Ukrainian,українська,Вікіпедія
ukwikibooks,wikibooks,uk,Ukrainian,українська,Вікіпідручник
ukwikinews,wikinews,uk,Ukrainian,українська,Вікіновини
ukwikiquote,wikiquote,uk,Ukrainian,українська,Вікіцитати
ukwikisource,wikisource,uk,Ukrainian,українська,Вікіджерела
ukwikivoyage,wikivoyage,uk,Ukrainian,українська,Вікімандри
ukwiktionary,wiktionary,uk,Ukrainian,українська,Вікісловник
urwiki,wikipedia,ur,Urdu,mdash,ویکیپیڈیا
urwikibooks,wikibooks,ur,Urdu,mdash,وکی کتب
urwikiquote,wikiquote,ur,Urdu,mdash,وکی اقتباسات
urwiktionary,wiktionary,ur,Urdu,mdash,وکی لغت
uzwiki,wikipedia,uz,Uzbek,mdash,Vikipediya
uzwikiquote,wikiquote,uz,Uzbek,mdash,Vikiiqtibos
uzwiktionary,wiktionary,uz,Uzbek,mdash,Vikilug‘at
vecwiki,wikipedia,vec,mdash,mdash,Wikipedia
vecwikisource,wikisource,vec,mdash,mdash,Wikisource
vecwiktionary,wiktionary,vec,mdash,mdash,Wikisionario
vepwiki,wikipedia,vep,mdash,mdash,Vikipedii
vewiki,wikipedia,ve,Venda,mdash,Wikipedia
viwiki,wikipedia,vi,Vietnamese,Tiếng Việt,Wikipedia
viwikibooks,wikibooks,vi,Vietnamese,Tiếng Việt,Wikibooks
viwikiquote,wikiquote,vi,Vietnamese,Tiếng Việt,Wikiquote
viwikisource,wikisource,vi,Vietnamese,Tiếng Việt,Wikisource
viwikivoyage,wikivoyage,vi,Vietnamese,Tiếng Việt,Wikivoyage
viwiktionary,wiktionary,vi,Vietnamese,Tiếng Việt,Wiktionary
vlswiki,wikipedia,vls,mdash,mdash,Wikipedia
votewiki,special,en,English,mdash,Wikimedia Vote Wiki
vowiki,wikipedia,vo,Volapük,mdash,Vükiped
vowiktionary,wiktionary,vo,Volapük,mdash,Vükivödabuk
warwiki,wikipedia,war,Waray,mdash,Wikipedia
wawiki,wikipedia,wa,Walloon,mdash,Wikipedia
wawiktionary,wiktionary,wa,Walloon,mdash,Wiccionaire
wbwikimedia,wikimedia,bn,Bengali,mdash,West Bengal Wikimedians
wikidatawiki,wikidata,en,English,mdash,Wikidata
wikimania2018wiki,wikimania,en,English,mdash,Wikimania
wikimaniawiki,wikimania,en,English,mdash,Wikimania
wowiki,wikipedia,wo,Wolof,mdash,Wikipedia
wowikiquote,wikiquote,wo,Wolof,mdash,Wikiquote
wowiktionary,wiktionary,wo,Wolof,mdash,Wiktionary
wuuwiki,wikipedia,wuu,mdash,mdash,维基百科
xalwiki,wikipedia,xal,Kalmyk,mdash,Wikipedia
xhwiki,wikipedia,xh,Xhosa,mdash,Wikipedia
xmfwiki,wikipedia,xmf,mdash,mdash,ვიკიპედია
yiwiki,wikipedia,yi,Yiddish,mdash,װיקיפּעדיע
yiwikisource,wikisource,yi,Yiddish,mdash,װיקיביבליאָטעק
yiwiktionary,wiktionary,yi,Yiddish,mdash,װיקיװערטערבוך
yowiki,wikipedia,yo,Yoruba,mdash,Wikipedia
yuewiktionary,wiktionary,yue,mdash,mdash,維基辭典
zawiki,wikipedia,za,Zhuang,mdash,Wikipedia
zeawiki,wikipedia,zea,mdash,mdash,Wikipedia
zhwiki,wikipedia,zh,Chinese,中文,Wikipedia
zhwikibooks,wikibooks,zh,Chinese,中文,Wikibooks
zhwikinews,wikinews,zh,Chinese,中文,Wikinews
zhwikiquote,wikiquote,zh,Chinese,中文,Wikiquote
zhwikisource,wikisource,zh,Chinese,中文,Wikisource
zhwikiversity,wikiversity,zh,Chinese,中文,維基學院
zhwikivoyage,wikivoyage,zh,Chinese,中文,维基导游
zhwiktionary,wiktionary,zh,Chinese,中文,Wiktionary
zh_classicalwiki,wikipedia,lzh,mdash,mdash,維基大典
zh_min_nanwiki,wikipedia,nan,mdash,mdash,Wikipedia
zh_min_nanwikisource,wikisource,zh-min-nan,mdash,mdash,Wiki Tô·-su-kóan
zh_min_nanwiktionary,wiktionary,nan,mdash,mdash,Wiktionary
zh_yuewiki,wikipedia,yue,mdash,mdash,維基百科
zuwiki,wikipedia,zu,Zulu,mdash,Wikipedia
zuwiktionary,wiktionary,zu,Zulu,mdash,Wiktionary